sku;family;groups;categories;SUBSTITUTION-groups;SUBSTITUTION-products;clothing_size;description-en_US-mobile;description-en_US-print;description-fr_FR-mobile;description-fr_FR-print;main_color;name-en_US;name-fr_FR;picture;price-EUR;price-USD;tax_class_id;secondary_color;tshirt_materials;tshirt_style;enabled;PACK-groups;PACK-products;container_material;power_requirements;release_date-ecommerce;release_date-mobile;weight;weight-unit;color_scanning;maximum_print_size;multifunctional_functions;maximum_scan_size;maximum_scan_size-unit;image_stabilizer;optical_zoom;sensor_type;total_megapixels;display_color;display_diagonal;display_diagonal-unit;display_srgb;response_time;maximum_frame_rate;maximum_video_resolution;headphone_connectivity;snr;thd;X_SELL-groups;X_SELL-products;UPSELL-groups;UPSELL-products;auto_exposure;auto_focus_assist_beam;auto_focus_lock;auto_focus_modes-en_US;auto_focus_modes-fr_FR;auto_focus_points;camera_brand;camera_model_name;camera_type;description-en_US-ecommerce;description-fr_FR-ecommerce;focus;focus_adjustement-en_US;focus_adjustement-fr_FR;image_resolutions;iso_sensitivity;iso_sensitivity_max;iso_sensitivity_min;lens_mount_interface;light_exposure_corrections;light_exposure_modes-en_US;light_exposure_modes-fr_FR;light_metering-en_US;light_metering-fr_FR;max_image_resolution;release_date-print;short_description-en_US-ecommerce;short_description-en_US-mobile;short_description-en_US-print;short_description-fr_FR-ecommerce;short_description-fr_FR-mobile;short_description-fr_FR-print;supported_aspect_ratios;supported_image_format
AKNTS_BPXS;tshirts;akeneo_tshirt;tshirts,goodies;;AKNTS_WPXS,AKNTS_PBXS,AKNTS_PWXS;xs;Akeneo T-Shirt;Akeneo T-Shirt with short sleeve;T-Shirt Akeneo;T-Shirt Akeneo manches courtes;black;Akeneo T-Shirt black and purple with short sleeve;Akeneo T-Shirt black and purple with short sleeve;;10.00;14.00;2;purple;cotton;crewneck,short_sleeve;1;;;;;;;;;;;;;;;;;;;;;;;;;;;;;;;;;;;;;;;;;;;;;;;;;;;;;;;;;;;;;;;;;
AKNTS_BPS;tshirts;akeneo_tshirt;tshirts,goodies;;AKNTS_WPS,AKNTS_PBS,AKNTS_PWS;s;Akeneo T-Shirt;Akeneo T-Shirt with short sleeve;T-Shirt Akeneo;T-Shirt Akeneo manches courtes;black;Akeneo T-Shirt black and purple with short sleeve;Akeneo T-Shirt black and purple with short sleeve;;10.00;14.00;2;purple;cotton;crewneck,short_sleeve;1;;;;;;;;;;;;;;;;;;;;;;;;;;;;;;;;;;;;;;;;;;;;;;;;;;;;;;;;;;;;;;;;;
AKNTS_BPM;tshirts;akeneo_tshirt;tshirts,goodies;;AKNTS_WPM,AKNTS_PBM,AKNTS_PWM;m;Akeneo T-Shirt;Akeneo T-Shirt with short sleeve;T-Shirt Akeneo;T-Shirt Akeneo manches courtes;black;Akeneo T-Shirt black and purple with short sleeve;Akeneo T-Shirt black and purple with short sleeve;;10.00;14.00;2;purple;cotton;crewneck,short_sleeve;1;;;;;;;;;;;;;;;;;;;;;;;;;;;;;;;;;;;;;;;;;;;;;;;;;;;;;;;;;;;;;;;;;
AKNTS_BPL;tshirts;akeneo_tshirt;tshirts,goodies;;AKNTS_WPL,AKNTS_PBL,AKNTS_PWL;l;Akeneo T-Shirt;Akeneo T-Shirt with short sleeve;T-Shirt Akeneo;T-Shirt Akeneo manches courtes;black;Akeneo T-Shirt black and purple with short sleeve;Akeneo T-Shirt black and purple with short sleeve;;10.00;14.00;2;purple;cotton;crewneck,short_sleeve;1;;;;;;;;;;;;;;;;;;;;;;;;;;;;;;;;;;;;;;;;;;;;;;;;;;;;;;;;;;;;;;;;;
AKNTS_BPXL;tshirts;akeneo_tshirt;tshirts,goodies;;AKNTS_WPXL,AKNTS_PBXL,AKNTS_PWXL;xl;Akeneo T-Shirt;Akeneo T-Shirt with short sleeve;T-Shirt Akeneo;T-Shirt Akeneo manches courtes;black;Akeneo T-Shirt black and purple with short sleeve;Akeneo T-Shirt black and purple with short sleeve;;10.00;14.00;2;purple;cotton;crewneck,short_sleeve;1;;;;;;;;;;;;;;;;;;;;;;;;;;;;;;;;;;;;;;;;;;;;;;;;;;;;;;;;;;;;;;;;;
AKNTS_BPXXL;tshirts;akeneo_tshirt;tshirts,goodies;;AKNTS_WPXXL,AKNTS_PBXXL,AKNTS_PWXXL;xxl;Akeneo T-Shirt;Akeneo T-Shirt with short sleeve;T-Shirt Akeneo;T-Shirt Akeneo manches courtes;black;Akeneo T-Shirt black and purple with short sleeve;Akeneo T-Shirt black and purple with short sleeve;;10.00;14.00;2;purple;cotton;crewneck,short_sleeve;1;;;;;;;;;;;;;;;;;;;;;;;;;;;;;;;;;;;;;;;;;;;;;;;;;;;;;;;;;;;;;;;;;
AKNTS_WPXS;tshirts;akeneo_tshirt;tshirts,goodies;;;xs;Akeneo T-Shirt;Akeneo T-Shirt with short sleeve;T-Shirt Akeneo;T-Shirt Akeneo manches courtes;white;Akeneo T-Shirt white and purple with short sleeve;Akeneo T-Shirt white and purple with short sleeve;;10.00;14.00;2;purple;cotton;crewneck,short_sleeve;1;;;;;;;;;;;;;;;;;;;;;;;;;;;;;;;;;;;;;;;;;;;;;;;;;;;;;;;;;;;;;;;;;
AKNTS_WPS;tshirts;akeneo_tshirt;tshirts,goodies;;;s;Akeneo T-Shirt;Akeneo T-Shirt with short sleeve;T-Shirt Akeneo;T-Shirt Akeneo manches courtes;white;Akeneo T-Shirt white and purple with short sleeve;Akeneo T-Shirt white and purple with short sleeve;;10.00;14.00;2;purple;cotton;crewneck,short_sleeve;1;;;;;;;;;;;;;;;;;;;;;;;;;;;;;;;;;;;;;;;;;;;;;;;;;;;;;;;;;;;;;;;;;
AKNTS_WPM;tshirts;akeneo_tshirt;tshirts,goodies;;;m;Akeneo T-Shirt;Akeneo T-Shirt with short sleeve;T-Shirt Akeneo;T-Shirt Akeneo manches courtes;white;Akeneo T-Shirt white and purple with short sleeve;Akeneo T-Shirt white and purple with short sleeve;;10.00;14.00;2;purple;cotton;crewneck,short_sleeve;1;akeneo_mug;OROMUG_DBO,AKNSTK;;;;;;;;;;;;;;;;;;;;;;;;;;;;;;;;;;;;;;;;;;;;;;;;;;;;;;;;;;;;;;;
AKNTS_WPL;tshirts;akeneo_tshirt;tshirts,goodies;;;l;Akeneo T-Shirt;Akeneo T-Shirt with short sleeve;T-Shirt Akeneo;T-Shirt Akeneo manches courtes;white;Akeneo T-Shirt white and purple with short sleeve;Akeneo T-Shirt white and purple with short sleeve;;10.00;14.00;2;purple;cotton;crewneck,short_sleeve;1;;;;;;;;;;;;;;;;;;;;;;;;;;;;;;;;;;;;;;;;;;;;;;;;;;;;;;;;;;;;;;;;;
AKNTS_WPXL;tshirts;akeneo_tshirt;tshirts,goodies;;;xl;Akeneo T-Shirt;Akeneo T-Shirt with short sleeve;T-Shirt Akeneo;T-Shirt Akeneo manches courtes;white;Akeneo T-Shirt white and purple with short sleeve;Akeneo T-Shirt white and purple with short sleeve;;10.00;14.00;2;purple;cotton;crewneck,short_sleeve;1;;;;;;;;;;;;;;;;;;;;;;;;;;;;;;;;;;;;;;;;;;;;;;;;;;;;;;;;;;;;;;;;;
AKNTS_WPXXL;tshirts;akeneo_tshirt;tshirts,goodies;;;xxl;Akeneo T-Shirt;Akeneo T-Shirt with short sleeve;T-Shirt Akeneo;T-Shirt Akeneo manches courtes;white;Akeneo T-Shirt white and purple with short sleeve;Akeneo T-Shirt white and purple with short sleeve;;10.00;14.00;2;purple;cotton;crewneck,short_sleeve;1;;;;;;;;;;;;;;;;;;;;;;;;;;;;;;;;;;;;;;;;;;;;;;;;;;;;;;;;;;;;;;;;;
AKNTS_PBXS;tshirts;akeneo_tshirt;tshirts,goodies;;;xs;Akeneo T-Shirt;Akeneo T-Shirt with short sleeve;T-Shirt Akeneo;T-Shirt Akeneo manches courtes;purple;Akeneo T-Shirt purple and white with short sleeve;Akeneo T-Shirt purple and white with short sleeve;;10.00;14.00;2;black;cotton;crewneck,short_sleeve;1;;;;;;;;;;;;;;;;;;;;;;;;;;;;;;;;;;;;;;;;;;;;;;;;;;;;;;;;;;;;;;;;;
AKNTS_PBS;tshirts;akeneo_tshirt;tshirts,goodies;;;s;Akeneo T-Shirt;Akeneo T-Shirt with short sleeve;T-Shirt Akeneo;T-Shirt Akeneo manches courtes;purple;Akeneo T-Shirt purple and white with short sleeve;Akeneo T-Shirt purple and white with short sleeve;;10.00;14.00;2;black;cotton;crewneck,short_sleeve;1;;;;;;;;;;;;;;;;;;;;;;;;;;;;;;;;;;;;;;;;;;;;;;;;;;;;;;;;;;;;;;;;;
AKNTS_PBM;tshirts;akeneo_tshirt;tshirts,goodies;;;m;Akeneo T-Shirt;Akeneo T-Shirt with short sleeve;T-Shirt Akeneo;T-Shirt Akeneo manches courtes;purple;Akeneo T-Shirt purple and white with short sleeve;Akeneo T-Shirt purple and white with short sleeve;;10.00;14.00;2;black;cotton;crewneck,short_sleeve;1;;;;;;;;;;;;;;;;;;;;;;;;;;;;;;;;;;;;;;;;;;;;;;;;;;;;;;;;;;;;;;;;;
AKNTS_PBL;tshirts;akeneo_tshirt;tshirts,goodies;;;l;Akeneo T-Shirt;Akeneo T-Shirt with short sleeve;T-Shirt Akeneo;T-Shirt Akeneo manches courtes;purple;Akeneo T-Shirt purple and white with short sleeve;Akeneo T-Shirt purple and white with short sleeve;;10.00;14.00;2;black;cotton;crewneck,short_sleeve;1;;;;;;;;;;;;;;;;;;;;;;;;;;;;;;;;;;;;;;;;;;;;;;;;;;;;;;;;;;;;;;;;;
AKNTS_PBXL;tshirts;akeneo_tshirt;tshirts,goodies;;;xl;Akeneo T-Shirt;Akeneo T-Shirt with short sleeve;T-Shirt Akeneo;T-Shirt Akeneo manches courtes;purple;Akeneo T-Shirt purple and white with short sleeve;Akeneo T-Shirt purple and white with short sleeve;;10.00;14.00;2;black;cotton;crewneck,short_sleeve;1;;;;;;;;;;;;;;;;;;;;;;;;;;;;;;;;;;;;;;;;;;;;;;;;;;;;;;;;;;;;;;;;;
AKNTS_PBXXL;tshirts;akeneo_tshirt;tshirts,goodies;;;xxl;Akeneo T-Shirt;Akeneo T-Shirt with short sleeve;T-Shirt Akeneo;T-Shirt Akeneo manches courtes;purple;Akeneo T-Shirt purple and white with short sleeve;Akeneo T-Shirt purple and white with short sleeve;;10.00;14.00;2;black;cotton;crewneck,short_sleeve;1;;;;;;;;;;;;;;;;;;;;;;;;;;;;;;;;;;;;;;;;;;;;;;;;;;;;;;;;;;;;;;;;;
AKNTS_PWXS;tshirts;akeneo_tshirt;tshirts,goodies;;;xs;Akeneo T-Shirt;Akeneo T-Shirt with short sleeve;T-Shirt Akeneo;T-Shirt Akeneo manches courtes;purple;Akeneo T-Shirt white and purple with short sleeve;Akeneo T-Shirt white and purple with short sleeve;;10.00;14.00;2;white;cotton;crewneck,short_sleeve;1;;;;;;;;;;;;;;;;;;;;;;;;;;;;;;;;;;;;;;;;;;;;;;;;;;;;;;;;;;;;;;;;;
AKNTS_PWS;tshirts;akeneo_tshirt;tshirts,goodies;;;s;Akeneo T-Shirt;Akeneo T-Shirt with short sleeve;T-Shirt Akeneo;T-Shirt Akeneo manches courtes;purple;Akeneo T-Shirt white and purple with short sleeve;Akeneo T-Shirt white and purple with short sleeve;;10.00;14.00;2;white;cotton;crewneck,short_sleeve;1;;;;;;;;;;;;;;;;;;;;;;;;;;;;;;;;;;;;;;;;;;;;;;;;;;;;;;;;;;;;;;;;;
AKNTS_PWM;tshirts;akeneo_tshirt;tshirts,goodies;;;m;Akeneo T-Shirt;Akeneo T-Shirt with short sleeve;T-Shirt Akeneo;T-Shirt Akeneo manches courtes;purple;Akeneo T-Shirt white and purple with short sleeve;Akeneo T-Shirt white and purple with short sleeve;;10.00;14.00;2;white;cotton;crewneck,short_sleeve;1;;;;;;;;;;;;;;;;;;;;;;;;;;;;;;;;;;;;;;;;;;;;;;;;;;;;;;;;;;;;;;;;;
AKNTS_PWL;tshirts;akeneo_tshirt;tshirts,goodies;;;l;Akeneo T-Shirt;Akeneo T-Shirt with short sleeve;T-Shirt Akeneo;T-Shirt Akeneo manches courtes;purple;Akeneo T-Shirt white and purple with short sleeve;Akeneo T-Shirt white and purple with short sleeve;;10.00;14.00;2;white;cotton;crewneck,short_sleeve;1;;;;;;;;;;;;;;;;;;;;;;;;;;;;;;;;;;;;;;;;;;;;;;;;;;;;;;;;;;;;;;;;;
AKNTS_PWXL;tshirts;akeneo_tshirt;tshirts,goodies;;;xl;Akeneo T-Shirt;Akeneo T-Shirt with short sleeve;T-Shirt Akeneo;T-Shirt Akeneo manches courtes;purple;Akeneo T-Shirt white and purple with short sleeve;Akeneo T-Shirt white and purple with short sleeve;;10.00;14.00;2;white;cotton;crewneck,short_sleeve;1;;;;;;;;;;;;;;;;;;;;;;;;;;;;;;;;;;;;;;;;;;;;;;;;;;;;;;;;;;;;;;;;;
AKNTS_PWXXL;tshirts;akeneo_tshirt;tshirts,goodies;;;xxl;Akeneo T-Shirt;Akeneo T-Shirt with short sleeve;T-Shirt Akeneo;T-Shirt Akeneo manches courtes;purple;Akeneo T-Shirt white and purple with short sleeve;Akeneo T-Shirt white and purple with short sleeve;;10.00;14.00;2;white;cotton;crewneck,short_sleeve;1;;;;;;;;;;;;;;;;;;;;;;;;;;;;;;;;;;;;;;;;;;;;;;;;;;;;;;;;;;;;;;;;;
AKNTS_BPXS_LS;tshirts;akeneo_long_sleeve_tshirt;tshirts,goodies;;AKNTS_WPXS_LS,AKNTS_PBXS_LS,AKNTS_PWXS_LS;xs;Akeneo T-Shirt;Akeneo T-Shirt with long sleeve;T-Shirt Akeneo;T-Shirt Akeneo manches longues;black;Akeneo T-Shirt black and purple with long sleeve;Akeneo T-Shirt black and purple with long sleeve;;10.00;14.00;2;purple;cotton;crewneck,long_sleeve;1;;;;;;;;;;;;;;;;;;;;;;;;;;;;;;;;;;;;;;;;;;;;;;;;;;;;;;;;;;;;;;;;;
AKNTS_BPS_LS;tshirts;akeneo_long_sleeve_tshirt;tshirts,goodies;;AKNTS_WPS_LS,AKNTS_PBS_LS,AKNTS_PWS_LS;s;Akeneo T-Shirt;Akeneo T-Shirt with long sleeve;T-Shirt Akeneo;T-Shirt Akeneo manches longues;black;Akeneo T-Shirt black and purple with long sleeve;Akeneo T-Shirt black and purple with long sleeve;;10.00;14.00;2;purple;cotton;crewneck,long_sleeve;1;;;;;;;;;;;;;;;;;;;;;;;;;;;;;;;;;;;;;;;;;;;;;;;;;;;;;;;;;;;;;;;;;
AKNTS_BPM_LS;tshirts;akeneo_long_sleeve_tshirt;tshirts,goodies;;AKNTS_WPM_LS,AKNTS_PBM_LS,AKNTS_PWM_LS;m;Akeneo T-Shirt;Akeneo T-Shirt with long sleeve;T-Shirt Akeneo;T-Shirt Akeneo manches longues;black;Akeneo T-Shirt black and purple with long sleeve;Akeneo T-Shirt black and purple with long sleeve;;10.00;14.00;2;purple;cotton;crewneck,long_sleeve;1;;;;;;;;;;;;;;;;;;;;;;;;;;;;;;;;;;;;;;;;;;;;;;;;;;;;;;;;;;;;;;;;;
AKNTS_BPL_LS;tshirts;akeneo_long_sleeve_tshirt;tshirts,goodies;;AKNTS_WPL_LS,AKNTS_PBL_LS,AKNTS_PWL_LS;l;Akeneo T-Shirt;Akeneo T-Shirt with long sleeve;T-Shirt Akeneo;T-Shirt Akeneo manches longues;black;Akeneo T-Shirt black and purple with long sleeve;Akeneo T-Shirt black and purple with long sleeve;;10.00;14.00;2;purple;cotton;crewneck,long_sleeve;1;;;;;;;;;;;;;;;;;;;;;;;;;;;;;;;;;;;;;;;;;;;;;;;;;;;;;;;;;;;;;;;;;
AKNTS_BPXL_LS;tshirts;akeneo_long_sleeve_tshirt;tshirts,goodies;;AKNTS_WPXL_LS,AKNTS_PBXL_LS,AKNTS_PWXL_LS;xl;Akeneo T-Shirt;Akeneo T-Shirt with long sleeve;T-Shirt Akeneo;T-Shirt Akeneo manches longues;black;Akeneo T-Shirt black and purple with long sleeve;Akeneo T-Shirt black and purple with long sleeve;;10.00;14.00;2;purple;cotton;crewneck,long_sleeve;1;;;;;;;;;;;;;;;;;;;;;;;;;;;;;;;;;;;;;;;;;;;;;;;;;;;;;;;;;;;;;;;;;
AKNTS_BPXXL_LS;tshirts;akeneo_long_sleeve_tshirt;tshirts,goodies;;AKNTS_WPXXL_LS,AKNTS_PBXXL_LS,AKNTS_PWXXL_LS;xxl;Akeneo T-Shirt;Akeneo T-Shirt with long sleeve;T-Shirt Akeneo;T-Shirt Akeneo manches longues;black;Akeneo T-Shirt black and purple with long sleeve;Akeneo T-Shirt black and purple with long sleeve;;10.00;14.00;2;purple;cotton;crewneck,long_sleeve;1;;;;;;;;;;;;;;;;;;;;;;;;;;;;;;;;;;;;;;;;;;;;;;;;;;;;;;;;;;;;;;;;;
AKNTS_WPXS_LS;tshirts;akeneo_long_sleeve_tshirt;tshirts,goodies;;;xs;Akeneo T-Shirt;Akeneo T-Shirt with long sleeve;T-Shirt Akeneo;T-Shirt Akeneo manches longues;white;Akeneo T-Shirt white and purple with long sleeve;Akeneo T-Shirt white and purple with long sleeve;;10.00;14.00;2;purple;cotton;crewneck,long_sleeve;1;;;;;;;;;;;;;;;;;;;;;;;;;;;;;;;;;;;;;;;;;;;;;;;;;;;;;;;;;;;;;;;;;
AKNTS_WPS_LS;tshirts;akeneo_long_sleeve_tshirt;tshirts,goodies;;;s;Akeneo T-Shirt;Akeneo T-Shirt with long sleeve;T-Shirt Akeneo;T-Shirt Akeneo manches longues;white;Akeneo T-Shirt white and purple with long sleeve;Akeneo T-Shirt white and purple with long sleeve;;10.00;14.00;2;purple;cotton;crewneck,long_sleeve;1;;;;;;;;;;;;;;;;;;;;;;;;;;;;;;;;;;;;;;;;;;;;;;;;;;;;;;;;;;;;;;;;;
AKNTS_WPM_LS;tshirts;akeneo_long_sleeve_tshirt;tshirts,goodies;;;m;Akeneo T-Shirt;Akeneo T-Shirt with long sleeve;T-Shirt Akeneo;T-Shirt Akeneo manches longues;white;Akeneo T-Shirt white and purple with long sleeve;Akeneo T-Shirt white and purple with long sleeve;;10.00;14.00;2;purple;cotton;crewneck,long_sleeve;1;;;;;;;;;;;;;;;;;;;;;;;;;;;;;;;;;;;;;;;;;;;;;;;;;;;;;;;;;;;;;;;;;
AKNTS_WPL_LS;tshirts;akeneo_long_sleeve_tshirt;tshirts,goodies;;;l;Akeneo T-Shirt;Akeneo T-Shirt with long sleeve;T-Shirt Akeneo;T-Shirt Akeneo manches longues;white;Akeneo T-Shirt white and purple with long sleeve;Akeneo T-Shirt white and purple with long sleeve;;10.00;14.00;2;purple;cotton;crewneck,long_sleeve;1;;;;;;;;;;;;;;;;;;;;;;;;;;;;;;;;;;;;;;;;;;;;;;;;;;;;;;;;;;;;;;;;;
AKNTS_WPXL_LS;tshirts;akeneo_long_sleeve_tshirt;tshirts,goodies;;;xl;Akeneo T-Shirt;Akeneo T-Shirt with long sleeve;T-Shirt Akeneo;T-Shirt Akeneo manches longues;white;Akeneo T-Shirt white and purple with long sleeve;Akeneo T-Shirt white and purple with long sleeve;;10.00;14.00;2;purple;cotton;crewneck,long_sleeve;1;;;;;;;;;;;;;;;;;;;;;;;;;;;;;;;;;;;;;;;;;;;;;;;;;;;;;;;;;;;;;;;;;
AKNTS_WPXXL_LS;tshirts;akeneo_long_sleeve_tshirt;tshirts,goodies;;;xxl;Akeneo T-Shirt;Akeneo T-Shirt with long sleeve;T-Shirt Akeneo;T-Shirt Akeneo manches longues;white;Akeneo T-Shirt white and purple with long sleeve;Akeneo T-Shirt white and purple with long sleeve;;10.00;14.00;2;purple;cotton;crewneck,long_sleeve;1;;;;;;;;;;;;;;;;;;;;;;;;;;;;;;;;;;;;;;;;;;;;;;;;;;;;;;;;;;;;;;;;;
AKNTS_PBXS_LS;tshirts;akeneo_long_sleeve_tshirt;tshirts,goodies;;;xs;Akeneo T-Shirt;Akeneo T-Shirt with long sleeve;T-Shirt Akeneo;T-Shirt Akeneo manches longues;purple;Akeneo T-Shirt purple and white with long sleeve;Akeneo T-Shirt purple and white with long sleeve;;10.00;14.00;2;black;cotton;crewneck,long_sleeve;1;;;;;;;;;;;;;;;;;;;;;;;;;;;;;;;;;;;;;;;;;;;;;;;;;;;;;;;;;;;;;;;;;
AKNTS_PBS_LS;tshirts;akeneo_long_sleeve_tshirt;tshirts,goodies;;;s;Akeneo T-Shirt;Akeneo T-Shirt with long sleeve;T-Shirt Akeneo;T-Shirt Akeneo manches longues;purple;Akeneo T-Shirt purple and white with long sleeve;Akeneo T-Shirt purple and white with long sleeve;;10.00;14.00;2;black;cotton;crewneck,long_sleeve;1;;;;;;;;;;;;;;;;;;;;;;;;;;;;;;;;;;;;;;;;;;;;;;;;;;;;;;;;;;;;;;;;;
AKNTS_PBM_LS;tshirts;akeneo_long_sleeve_tshirt;tshirts,goodies;;;m;Akeneo T-Shirt;Akeneo T-Shirt with long sleeve;T-Shirt Akeneo;T-Shirt Akeneo manches longues;purple;Akeneo T-Shirt purple and white with long sleeve;Akeneo T-Shirt purple and white with long sleeve;;10.00;14.00;2;black;cotton;crewneck,long_sleeve;1;;;;;;;;;;;;;;;;;;;;;;;;;;;;;;;;;;;;;;;;;;;;;;;;;;;;;;;;;;;;;;;;;
AKNTS_PBL_LS;tshirts;akeneo_long_sleeve_tshirt;tshirts,goodies;;;l;Akeneo T-Shirt;Akeneo T-Shirt with long sleeve;T-Shirt Akeneo;T-Shirt Akeneo manches longues;purple;Akeneo T-Shirt purple and white with long sleeve;Akeneo T-Shirt purple and white with long sleeve;;10.00;14.00;2;black;cotton;crewneck,long_sleeve;1;;;;;;;;;;;;;;;;;;;;;;;;;;;;;;;;;;;;;;;;;;;;;;;;;;;;;;;;;;;;;;;;;
AKNTS_PBXL_LS;tshirts;akeneo_long_sleeve_tshirt;tshirts,goodies;;;xl;Akeneo T-Shirt;Akeneo T-Shirt with long sleeve;T-Shirt Akeneo;T-Shirt Akeneo manches longues;purple;Akeneo T-Shirt purple and white with long sleeve;Akeneo T-Shirt purple and white with long sleeve;;10.00;14.00;2;black;cotton;crewneck,long_sleeve;1;;;;;;;;;;;;;;;;;;;;;;;;;;;;;;;;;;;;;;;;;;;;;;;;;;;;;;;;;;;;;;;;;
AKNTS_PBXXL_LS;tshirts;akeneo_long_sleeve_tshirt;tshirts,goodies;;;xxl;Akeneo T-Shirt;Akeneo T-Shirt with long sleeve;T-Shirt Akeneo;T-Shirt Akeneo manches longues;purple;Akeneo T-Shirt purple and white with long sleeve;Akeneo T-Shirt purple and white with long sleeve;;10.00;14.00;2;black;cotton;crewneck,long_sleeve;1;;;;;;;;;;;;;;;;;;;;;;;;;;;;;;;;;;;;;;;;;;;;;;;;;;;;;;;;;;;;;;;;;
AKNTS_PWXS_LS;tshirts;akeneo_long_sleeve_tshirt;tshirts,goodies;;;xs;Akeneo T-Shirt;Akeneo T-Shirt with long sleeve;T-Shirt Akeneo;T-Shirt Akeneo manches longues;purple;Akeneo T-Shirt white and purple with long sleeve;Akeneo T-Shirt white and purple with long sleeve;;10.00;14.00;2;white;cotton;crewneck,long_sleeve;1;;;;;;;;;;;;;;;;;;;;;;;;;;;;;;;;;;;;;;;;;;;;;;;;;;;;;;;;;;;;;;;;;
AKNTS_PWS_LS;tshirts;akeneo_long_sleeve_tshirt;tshirts,goodies;;;s;Akeneo T-Shirt;Akeneo T-Shirt with long sleeve;T-Shirt Akeneo;T-Shirt Akeneo manches longues;purple;Akeneo T-Shirt white and purple with long sleeve;Akeneo T-Shirt white and purple with long sleeve;;10.00;14.00;2;white;cotton;crewneck,long_sleeve;1;;;;;;;;;;;;;;;;;;;;;;;;;;;;;;;;;;;;;;;;;;;;;;;;;;;;;;;;;;;;;;;;;
AKNTS_PWM_LS;tshirts;akeneo_long_sleeve_tshirt;tshirts,goodies;;;m;Akeneo T-Shirt;Akeneo T-Shirt with long sleeve;T-Shirt Akeneo;T-Shirt Akeneo manches longues;purple;Akeneo T-Shirt white and purple with long sleeve;Akeneo T-Shirt white and purple with long sleeve;;10.00;14.00;2;white;cotton;crewneck,long_sleeve;1;;;;;;;;;;;;;;;;;;;;;;;;;;;;;;;;;;;;;;;;;;;;;;;;;;;;;;;;;;;;;;;;;
AKNTS_PWL_LS;tshirts;akeneo_long_sleeve_tshirt;tshirts,goodies;;;l;Akeneo T-Shirt;Akeneo T-Shirt with long sleeve;T-Shirt Akeneo;T-Shirt Akeneo manches longues;purple;Akeneo T-Shirt white and purple with long sleeve;Akeneo T-Shirt white and purple with long sleeve;;10.00;14.00;2;white;cotton;crewneck,long_sleeve;1;;;;;;;;;;;;;;;;;;;;;;;;;;;;;;;;;;;;;;;;;;;;;;;;;;;;;;;;;;;;;;;;;
AKNTS_PWXL_LS;tshirts;akeneo_long_sleeve_tshirt;tshirts,goodies;;;xl;Akeneo T-Shirt;Akeneo T-Shirt with long sleeve;T-Shirt Akeneo;T-Shirt Akeneo manches longues;purple;Akeneo T-Shirt white and purple with long sleeve;Akeneo T-Shirt white and purple with long sleeve;;10.00;14.00;2;white;cotton;crewneck,long_sleeve;1;;;;;;;;;;;;;;;;;;;;;;;;;;;;;;;;;;;;;;;;;;;;;;;;;;;;;;;;;;;;;;;;;
AKNTS_PWXXL_LS;tshirts;akeneo_long_sleeve_tshirt;tshirts,goodies;;;xxl;Akeneo T-Shirt;Akeneo T-Shirt with long sleeve;T-Shirt Akeneo;T-Shirt Akeneo manches longues;purple;Akeneo T-Shirt white and purple with long sleeve;Akeneo T-Shirt white and purple with long sleeve;;10.00;14.00;2;white;cotton;crewneck,long_sleeve;1;;;;;;;;;;;;;;;;;;;;;;;;;;;;;;;;;;;;;;;;;;;;;;;;;;;;;;;;;;;;;;;;;
AKNTS_BPXS_VS;tshirts;akeneo_vneck_tshirt;tshirts,goodies;;;xs;Akeneo T-Shirt;Akeneo T-Shirt with short sleeve and vneck;T-Shirt Akeneo;T-Shirt Akeneo manches courtes et col en V;black;Akeneo T-Shirt black and purple with short sleeve and vneck;Akeneo T-Shirt black and purple with short sleeve and vneck;;10.00;14.00;2;purple;cotton;vneck,short_sleeve;1;;;;;;;;;;;;;;;;;;;;;;;;;;;;;;;;;;;;;;;;;;;;;;;;;;;;;;;;;;;;;;;;;
AKNTS_BPS_VS;tshirts;akeneo_vneck_tshirt;tshirts,goodies;;;s;Akeneo T-Shirt;Akeneo T-Shirt with short sleeve and vneck;T-Shirt Akeneo;T-Shirt Akeneo manches courtes et col en V;black;Akeneo T-Shirt black and purple with short sleeve and vneck;Akeneo T-Shirt black and purple with short sleeve and vneck;;10.00;14.00;2;purple;cotton;vneck,short_sleeve;1;;;;;;;;;;;;;;;;;;;;;;;;;;;;;;;;;;;;;;;;;;;;;;;;;;;;;;;;;;;;;;;;;
AKNTS_BPM_VS;tshirts;akeneo_vneck_tshirt;tshirts,goodies;;;m;Akeneo T-Shirt;Akeneo T-Shirt with short sleeve and vneck;T-Shirt Akeneo;T-Shirt Akeneo manches courtes et col en V;black;Akeneo T-Shirt black and purple with short sleeve and vneck;Akeneo T-Shirt black and purple with short sleeve and vneck;;10.00;14.00;2;purple;cotton;vneck,short_sleeve;1;;;;;;;;;;;;;;;;;;;;;;;;;;;;;;;;;;;;;;;;;;;;;;;;;;;;;;;;;;;;;;;;;
AKNTS_BPL_VS;tshirts;akeneo_vneck_tshirt;tshirts,goodies;;;l;Akeneo T-Shirt;Akeneo T-Shirt with short sleeve and vneck;T-Shirt Akeneo;T-Shirt Akeneo manches courtes et col en V;black;Akeneo T-Shirt black and purple with short sleeve and vneck;Akeneo T-Shirt black and purple with short sleeve and vneck;;10.00;14.00;2;purple;cotton;vneck,short_sleeve;1;;;;;;;;;;;;;;;;;;;;;;;;;;;;;;;;;;;;;;;;;;;;;;;;;;;;;;;;;;;;;;;;;
AKNTS_BPXL_VS;tshirts;akeneo_vneck_tshirt;tshirts,goodies;;;xl;Akeneo T-Shirt;Akeneo T-Shirt with short sleeve and vneck;T-Shirt Akeneo;T-Shirt Akeneo manches courtes et col en V;black;Akeneo T-Shirt black and purple with short sleeve and vneck;Akeneo T-Shirt black and purple with short sleeve and vneck;;10.00;14.00;2;purple;cotton;vneck,short_sleeve;1;;;;;;;;;;;;;;;;;;;;;;;;;;;;;;;;;;;;;;;;;;;;;;;;;;;;;;;;;;;;;;;;;
AKNTS_BPXXL_VS;tshirts;akeneo_vneck_tshirt;tshirts,goodies;;;xxl;Akeneo T-Shirt;Akeneo T-Shirt with short sleeve and vneck;T-Shirt Akeneo;T-Shirt Akeneo manches courtes et col en V;black;Akeneo T-Shirt black and purple with short sleeve and vneck;Akeneo T-Shirt black and purple with short sleeve and vneck;;10.00;14.00;2;purple;cotton;vneck,short_sleeve;1;;;;;;;;;;;;;;;;;;;;;;;;;;;;;;;;;;;;;;;;;;;;;;;;;;;;;;;;;;;;;;;;;
AKNTS_WPXS_VS;tshirts;akeneo_vneck_tshirt;tshirts,goodies;;;xs;Akeneo T-Shirt;Akeneo T-Shirt with short sleeve and vneck;T-Shirt Akeneo;T-Shirt Akeneo manches courtes et col en V;white;Akeneo T-Shirt white and purple with short sleeve and vneck;Akeneo T-Shirt white and purple with short sleeve and vneck;;10.00;14.00;2;purple;cotton;vneck,short_sleeve;1;;;;;;;;;;;;;;;;;;;;;;;;;;;;;;;;;;;;;;;;;;;;;;;;;;;;;;;;;;;;;;;;;
AKNTS_WPS_VS;tshirts;akeneo_vneck_tshirt;tshirts,goodies;;;s;Akeneo T-Shirt;Akeneo T-Shirt with short sleeve and vneck;T-Shirt Akeneo;T-Shirt Akeneo manches courtes et col en V;white;Akeneo T-Shirt white and purple with short sleeve and vneck;Akeneo T-Shirt white and purple with short sleeve and vneck;;10.00;14.00;2;purple;cotton;vneck,short_sleeve;1;;;;;;;;;;;;;;;;;;;;;;;;;;;;;;;;;;;;;;;;;;;;;;;;;;;;;;;;;;;;;;;;;
AKNTS_WPM_VS;tshirts;akeneo_vneck_tshirt;tshirts,goodies;;;m;Akeneo T-Shirt;Akeneo T-Shirt with short sleeve and vneck;T-Shirt Akeneo;T-Shirt Akeneo manches courtes et col en V;white;Akeneo T-Shirt white and purple with short sleeve and vneck;Akeneo T-Shirt white and purple with short sleeve and vneck;;10.00;14.00;2;purple;cotton;vneck,short_sleeve;1;;;;;;;;;;;;;;;;;;;;;;;;;;;;;;;;;;;;;;;;;;;;;;;;;;;;;;;;;;;;;;;;;
AKNTS_WPL_VS;tshirts;akeneo_vneck_tshirt;tshirts,goodies;;;l;Akeneo T-Shirt;Akeneo T-Shirt with short sleeve and vneck;T-Shirt Akeneo;T-Shirt Akeneo manches courtes et col en V;white;Akeneo T-Shirt white and purple with short sleeve and vneck;Akeneo T-Shirt white and purple with short sleeve and vneck;;10.00;14.00;2;purple;cotton;vneck,short_sleeve;1;;;;;;;;;;;;;;;;;;;;;;;;;;;;;;;;;;;;;;;;;;;;;;;;;;;;;;;;;;;;;;;;;
AKNTS_WPXL_VS;tshirts;akeneo_vneck_tshirt;tshirts,goodies;;;xl;Akeneo T-Shirt;Akeneo T-Shirt with short sleeve and vneck;T-Shirt Akeneo;T-Shirt Akeneo manches courtes et col en V;white;Akeneo T-Shirt white and purple with short sleeve and vneck;Akeneo T-Shirt white and purple with short sleeve and vneck;;10.00;14.00;2;purple;cotton;vneck,short_sleeve;1;;;;;;;;;;;;;;;;;;;;;;;;;;;;;;;;;;;;;;;;;;;;;;;;;;;;;;;;;;;;;;;;;
AKNTS_WPXXL_VS;tshirts;akeneo_vneck_tshirt;tshirts,goodies;;;xxl;Akeneo T-Shirt;Akeneo T-Shirt with short sleeve and vneck;T-Shirt Akeneo;T-Shirt Akeneo manches courtes et col en V;white;Akeneo T-Shirt white and purple with short sleeve and vneck;Akeneo T-Shirt white and purple with short sleeve and vneck;;10.00;14.00;2;purple;cotton;vneck,short_sleeve;1;;;;;;;;;;;;;;;;;;;;;;;;;;;;;;;;;;;;;;;;;;;;;;;;;;;;;;;;;;;;;;;;;
AKNTS_PBXS_VS;tshirts;akeneo_vneck_tshirt;tshirts,goodies;;;xs;Akeneo T-Shirt;Akeneo T-Shirt with short sleeve and vneck;T-Shirt Akeneo;T-Shirt Akeneo manches courtes et col en V;purple;Akeneo T-Shirt purple and white with short sleeve and vneck;Akeneo T-Shirt purple and white with short sleeve and vneck;;10.00;14.00;2;black;cotton;vneck,short_sleeve;1;;;;;;;;;;;;;;;;;;;;;;;;;;;;;;;;;;;;;;;;;;;;;;;;;;;;;;;;;;;;;;;;;
AKNTS_PBS_VS;tshirts;akeneo_vneck_tshirt;tshirts,goodies;;;s;Akeneo T-Shirt;Akeneo T-Shirt with short sleeve and vneck;T-Shirt Akeneo;T-Shirt Akeneo manches courtes et col en V;purple;Akeneo T-Shirt purple and white with short sleeve and vneck;Akeneo T-Shirt purple and white with short sleeve and vneck;;10.00;14.00;2;black;cotton;vneck,short_sleeve;1;;;;;;;;;;;;;;;;;;;;;;;;;;;;;;;;;;;;;;;;;;;;;;;;;;;;;;;;;;;;;;;;;
AKNTS_PBM_VS;tshirts;akeneo_vneck_tshirt;tshirts,goodies;;;m;Akeneo T-Shirt;Akeneo T-Shirt with short sleeve and vneck;T-Shirt Akeneo;T-Shirt Akeneo manches courtes et col en V;purple;Akeneo T-Shirt purple and white with short sleeve and vneck;Akeneo T-Shirt purple and white with short sleeve and vneck;;10.00;14.00;2;black;cotton;vneck,short_sleeve;1;;;;;;;;;;;;;;;;;;;;;;;;;;;;;;;;;;;;;;;;;;;;;;;;;;;;;;;;;;;;;;;;;
AKNTS_PBL_VS;tshirts;akeneo_vneck_tshirt;tshirts,goodies;;;l;Akeneo T-Shirt;Akeneo T-Shirt with short sleeve and vneck;T-Shirt Akeneo;T-Shirt Akeneo manches courtes et col en V;purple;Akeneo T-Shirt purple and white with short sleeve and vneck;Akeneo T-Shirt purple and white with short sleeve and vneck;;10.00;14.00;2;black;cotton;vneck,short_sleeve;1;;;;;;;;;;;;;;;;;;;;;;;;;;;;;;;;;;;;;;;;;;;;;;;;;;;;;;;;;;;;;;;;;
AKNTS_PBXL_VS;tshirts;akeneo_vneck_tshirt;tshirts,goodies;;;xl;Akeneo T-Shirt;Akeneo T-Shirt with short sleeve and vneck;T-Shirt Akeneo;T-Shirt Akeneo manches courtes et col en V;purple;Akeneo T-Shirt purple and white with short sleeve and vneck;Akeneo T-Shirt purple and white with short sleeve and vneck;;10.00;14.00;2;black;cotton;vneck,short_sleeve;1;;;;;;;;;;;;;;;;;;;;;;;;;;;;;;;;;;;;;;;;;;;;;;;;;;;;;;;;;;;;;;;;;
AKNTS_PBXXL_VS;tshirts;akeneo_vneck_tshirt;tshirts,goodies;;;xxl;Akeneo T-Shirt;Akeneo T-Shirt with short sleeve and vneck;T-Shirt Akeneo;T-Shirt Akeneo manches courtes et col en V;purple;Akeneo T-Shirt purple and white with short sleeve and vneck;Akeneo T-Shirt purple and white with short sleeve and vneck;;10.00;14.00;2;black;cotton;vneck,short_sleeve;1;;;;;;;;;;;;;;;;;;;;;;;;;;;;;;;;;;;;;;;;;;;;;;;;;;;;;;;;;;;;;;;;;
AKNTS_PWXS_VS;tshirts;akeneo_vneck_tshirt;tshirts,goodies;;;xs;Akeneo T-Shirt;Akeneo T-Shirt with short sleeve and vneck;T-Shirt Akeneo;T-Shirt Akeneo manches courtes et col en V;purple;Akeneo T-Shirt white and purple with short sleeve and vneck;Akeneo T-Shirt white and purple with short sleeve and vneck;;10.00;14.00;2;white;cotton;vneck,short_sleeve;1;;;;;;;;;;;;;;;;;;;;;;;;;;;;;;;;;;;;;;;;;;;;;;;;;;;;;;;;;;;;;;;;;
AKNTS_PWS_VS;tshirts;akeneo_vneck_tshirt;tshirts,goodies;;;s;Akeneo T-Shirt;Akeneo T-Shirt with short sleeve and vneck;T-Shirt Akeneo;T-Shirt Akeneo manches courtes et col en V;purple;Akeneo T-Shirt white and purple with short sleeve and vneck;Akeneo T-Shirt white and purple with short sleeve and vneck;;10.00;14.00;2;white;cotton;vneck,short_sleeve;1;;;;;;;;;;;;;;;;;;;;;;;;;;;;;;;;;;;;;;;;;;;;;;;;;;;;;;;;;;;;;;;;;
AKNTS_PWM_VS;tshirts;akeneo_vneck_tshirt;tshirts,goodies;;;m;Akeneo T-Shirt;Akeneo T-Shirt with short sleeve and vneck;T-Shirt Akeneo;T-Shirt Akeneo manches courtes et col en V;purple;Akeneo T-Shirt white and purple with short sleeve and vneck;Akeneo T-Shirt white and purple with short sleeve and vneck;;10.00;14.00;2;white;cotton;vneck,short_sleeve;1;;;;;;;;;;;;;;;;;;;;;;;;;;;;;;;;;;;;;;;;;;;;;;;;;;;;;;;;;;;;;;;;;
AKNTS_PWL_VS;tshirts;akeneo_vneck_tshirt;tshirts,goodies;;;l;Akeneo T-Shirt;Akeneo T-Shirt with short sleeve and vneck;T-Shirt Akeneo;T-Shirt Akeneo manches courtes et col en V;purple;Akeneo T-Shirt white and purple with short sleeve and vneck;Akeneo T-Shirt white and purple with short sleeve and vneck;;10.00;14.00;2;white;cotton;vneck,short_sleeve;1;;;;;;;;;;;;;;;;;;;;;;;;;;;;;;;;;;;;;;;;;;;;;;;;;;;;;;;;;;;;;;;;;
AKNTS_PWXL_VS;tshirts;akeneo_vneck_tshirt;tshirts,goodies;;;xl;Akeneo T-Shirt;Akeneo T-Shirt with short sleeve and vneck;T-Shirt Akeneo;T-Shirt Akeneo manches courtes et col en V;purple;Akeneo T-Shirt white and purple with short sleeve and vneck;Akeneo T-Shirt white and purple with short sleeve and vneck;;10.00;14.00;2;white;cotton;vneck,short_sleeve;1;;;;;;;;;;;;;;;;;;;;;;;;;;;;;;;;;;;;;;;;;;;;;;;;;;;;;;;;;;;;;;;;;
AKNTS_PWXXL_VS;tshirts;akeneo_vneck_tshirt;tshirts,goodies;;;xxl;Akeneo T-Shirt;Akeneo T-Shirt with short sleeve and vneck;T-Shirt Akeneo;T-Shirt Akeneo manches courtes et col en V;purple;Akeneo T-Shirt white and purple with short sleeve and vneck;Akeneo T-Shirt white and purple with short sleeve and vneck;;10.00;14.00;2;white;cotton;vneck,short_sleeve;1;;;;;;;;;;;;;;;;;;;;;;;;;;;;;;;;;;;;;;;;;;;;;;;;;;;;;;;;;;;;;;;;;
AKNTS_BPXS_VSO;tshirts;akeneo_vneck_tshirt;tshirts,goodies;;;xs;Akeneo T-Shirt;Akeneo T-Shirt with short sleeve and vneck;T-Shirt Akeneo;T-Shirt Akeneo manches courtes et col en V;black;Akeneo T-Shirt black and purple with short sleeve and vneck;Akeneo T-Shirt black and purple with short sleeve and vneck;;10.00;14.00;2;purple;organic_cotton;vneck,short_sleeve;1;;;;;;;;;;;;;;;;;;;;;;;;;;;;;;;;;;;;;;;;;;;;;;;;;;;;;;;;;;;;;;;;;
AKNTS_BPS_VSO;tshirts;akeneo_vneck_tshirt;tshirts,goodies;;;s;Akeneo T-Shirt;Akeneo T-Shirt with short sleeve and vneck;T-Shirt Akeneo;T-Shirt Akeneo manches courtes et col en V;black;Akeneo T-Shirt black and purple with short sleeve and vneck;Akeneo T-Shirt black and purple with short sleeve and vneck;;10.00;14.00;2;purple;organic_cotton;vneck,short_sleeve;1;;;;;;;;;;;;;;;;;;;;;;;;;;;;;;;;;;;;;;;;;;;;;;;;;;;;;;;;;;;;;;;;;
AKNTS_BPM_VSO;tshirts;akeneo_vneck_tshirt;tshirts,goodies;;;m;Akeneo T-Shirt;Akeneo T-Shirt with short sleeve and vneck;T-Shirt Akeneo;T-Shirt Akeneo manches courtes et col en V;black;Akeneo T-Shirt black and purple with short sleeve and vneck;Akeneo T-Shirt black and purple with short sleeve and vneck;;10.00;14.00;2;purple;organic_cotton;vneck,short_sleeve;1;;;;;;;;;;;;;;;;;;;;;;;;;;;;;;;;;;;;;;;;;;;;;;;;;;;;;;;;;;;;;;;;;
AKNTS_BPL_VSO;tshirts;akeneo_vneck_tshirt;tshirts,goodies;;;l;Akeneo T-Shirt;Akeneo T-Shirt with short sleeve and vneck;T-Shirt Akeneo;T-Shirt Akeneo manches courtes et col en V;black;Akeneo T-Shirt black and purple with short sleeve and vneck;Akeneo T-Shirt black and purple with short sleeve and vneck;;10.00;14.00;2;purple;organic_cotton;vneck,short_sleeve;1;;;;;;;;;;;;;;;;;;;;;;;;;;;;;;;;;;;;;;;;;;;;;;;;;;;;;;;;;;;;;;;;;
AKNTS_BPXL_VSO;tshirts;akeneo_vneck_tshirt;tshirts,goodies;;;xl;Akeneo T-Shirt;Akeneo T-Shirt with short sleeve and vneck;T-Shirt Akeneo;T-Shirt Akeneo manches courtes et col en V;black;Akeneo T-Shirt black and purple with short sleeve and vneck;Akeneo T-Shirt black and purple with short sleeve and vneck;;10.00;14.00;2;purple;organic_cotton;vneck,short_sleeve;1;;;;;;;;;;;;;;;;;;;;;;;;;;;;;;;;;;;;;;;;;;;;;;;;;;;;;;;;;;;;;;;;;
AKNTS_BPXXL_VSO;tshirts;akeneo_vneck_tshirt;tshirts,goodies;;;xxl;Akeneo T-Shirt;Akeneo T-Shirt with short sleeve and vneck;T-Shirt Akeneo;T-Shirt Akeneo manches courtes et col en V;black;Akeneo T-Shirt black and purple with short sleeve and vneck;Akeneo T-Shirt black and purple with short sleeve and vneck;;10.00;14.00;2;purple;organic_cotton;vneck,short_sleeve;1;;;;;;;;;;;;;;;;;;;;;;;;;;;;;;;;;;;;;;;;;;;;;;;;;;;;;;;;;;;;;;;;;
AKNTS_WPXS_VSO;tshirts;akeneo_vneck_tshirt;tshirts,goodies;;;xs;Akeneo T-Shirt;Akeneo T-Shirt with short sleeve and vneck;T-Shirt Akeneo;T-Shirt Akeneo manches courtes et col en V;white;Akeneo T-Shirt white and purple with short sleeve and vneck;Akeneo T-Shirt white and purple with short sleeve and vneck;;10.00;14.00;2;purple;organic_cotton;vneck,short_sleeve;1;;;;;;;;;;;;;;;;;;;;;;;;;;;;;;;;;;;;;;;;;;;;;;;;;;;;;;;;;;;;;;;;;
AKNTS_WPS_VSO;tshirts;akeneo_vneck_tshirt;tshirts,goodies;;;s;Akeneo T-Shirt;Akeneo T-Shirt with short sleeve and vneck;T-Shirt Akeneo;T-Shirt Akeneo manches courtes et col en V;white;Akeneo T-Shirt white and purple with short sleeve and vneck;Akeneo T-Shirt white and purple with short sleeve and vneck;;10.00;14.00;2;purple;organic_cotton;vneck,short_sleeve;1;;;;;;;;;;;;;;;;;;;;;;;;;;;;;;;;;;;;;;;;;;;;;;;;;;;;;;;;;;;;;;;;;
AKNTS_WPM_VSO;tshirts;akeneo_vneck_tshirt;tshirts,goodies;;;m;Akeneo T-Shirt;Akeneo T-Shirt with short sleeve and vneck;T-Shirt Akeneo;T-Shirt Akeneo manches courtes et col en V;white;Akeneo T-Shirt white and purple with short sleeve and vneck;Akeneo T-Shirt white and purple with short sleeve and vneck;;10.00;14.00;2;purple;organic_cotton;vneck,short_sleeve;1;;;;;;;;;;;;;;;;;;;;;;;;;;;;;;;;;;;;;;;;;;;;;;;;;;;;;;;;;;;;;;;;;
AKNTS_WPL_VSO;tshirts;akeneo_vneck_tshirt;tshirts,goodies;;;l;Akeneo T-Shirt;Akeneo T-Shirt with short sleeve and vneck;T-Shirt Akeneo;T-Shirt Akeneo manches courtes et col en V;white;Akeneo T-Shirt white and purple with short sleeve and vneck;Akeneo T-Shirt white and purple with short sleeve and vneck;;10.00;14.00;2;purple;organic_cotton;vneck,short_sleeve;1;;;;;;;;;;;;;;;;;;;;;;;;;;;;;;;;;;;;;;;;;;;;;;;;;;;;;;;;;;;;;;;;;
AKNTS_WPXL_VSO;tshirts;akeneo_vneck_tshirt;tshirts,goodies;;;xl;Akeneo T-Shirt;Akeneo T-Shirt with short sleeve and vneck;T-Shirt Akeneo;T-Shirt Akeneo manches courtes et col en V;white;Akeneo T-Shirt white and purple with short sleeve and vneck;Akeneo T-Shirt white and purple with short sleeve and vneck;;10.00;14.00;2;purple;organic_cotton;vneck,short_sleeve;1;;;;;;;;;;;;;;;;;;;;;;;;;;;;;;;;;;;;;;;;;;;;;;;;;;;;;;;;;;;;;;;;;
AKNTS_WPXXL_VSO;tshirts;akeneo_vneck_tshirt;tshirts,goodies;;;xxl;Akeneo T-Shirt;Akeneo T-Shirt with short sleeve and vneck;T-Shirt Akeneo;T-Shirt Akeneo manches courtes et col en V;white;Akeneo T-Shirt white and purple with short sleeve and vneck;Akeneo T-Shirt white and purple with short sleeve and vneck;;10.00;14.00;2;purple;organic_cotton;vneck,short_sleeve;1;;;;;;;;;;;;;;;;;;;;;;;;;;;;;;;;;;;;;;;;;;;;;;;;;;;;;;;;;;;;;;;;;
AKNTS_PBXS_VSO;tshirts;akeneo_vneck_tshirt;tshirts,goodies;;;xs;Akeneo T-Shirt;Akeneo T-Shirt with short sleeve and vneck;T-Shirt Akeneo;T-Shirt Akeneo manches courtes et col en V;purple;Akeneo T-Shirt purple and white with short sleeve and vneck;Akeneo T-Shirt purple and white with short sleeve and vneck;;10.00;14.00;2;black;organic_cotton;vneck,short_sleeve;1;;;;;;;;;;;;;;;;;;;;;;;;;;;;;;;;;;;;;;;;;;;;;;;;;;;;;;;;;;;;;;;;;
AKNTS_PBS_VSO;tshirts;akeneo_vneck_tshirt;tshirts,goodies;;;s;Akeneo T-Shirt;Akeneo T-Shirt with short sleeve and vneck;T-Shirt Akeneo;T-Shirt Akeneo manches courtes et col en V;purple;Akeneo T-Shirt purple and white with short sleeve and vneck;Akeneo T-Shirt purple and white with short sleeve and vneck;;10.00;14.00;2;black;organic_cotton;vneck,short_sleeve;1;;;;;;;;;;;;;;;;;;;;;;;;;;;;;;;;;;;;;;;;;;;;;;;;;;;;;;;;;;;;;;;;;
AKNTS_PBM_VSO;tshirts;akeneo_vneck_tshirt;tshirts,goodies;;;m;Akeneo T-Shirt;Akeneo T-Shirt with short sleeve and vneck;T-Shirt Akeneo;T-Shirt Akeneo manches courtes et col en V;purple;Akeneo T-Shirt purple and white with short sleeve and vneck;Akeneo T-Shirt purple and white with short sleeve and vneck;;10.00;14.00;2;black;organic_cotton;vneck,short_sleeve;1;;;;;;;;;;;;;;;;;;;;;;;;;;;;;;;;;;;;;;;;;;;;;;;;;;;;;;;;;;;;;;;;;
AKNTS_PBL_VSO;tshirts;akeneo_vneck_tshirt;tshirts,goodies;;;l;Akeneo T-Shirt;Akeneo T-Shirt with short sleeve and vneck;T-Shirt Akeneo;T-Shirt Akeneo manches courtes et col en V;purple;Akeneo T-Shirt purple and white with short sleeve and vneck;Akeneo T-Shirt purple and white with short sleeve and vneck;;10.00;14.00;2;black;organic_cotton;vneck,short_sleeve;1;;;;;;;;;;;;;;;;;;;;;;;;;;;;;;;;;;;;;;;;;;;;;;;;;;;;;;;;;;;;;;;;;
AKNTS_PBXL_VSO;tshirts;akeneo_vneck_tshirt;tshirts,goodies;;;xl;Akeneo T-Shirt;Akeneo T-Shirt with short sleeve and vneck;T-Shirt Akeneo;T-Shirt Akeneo manches courtes et col en V;purple;Akeneo T-Shirt purple and white with short sleeve and vneck;Akeneo T-Shirt purple and white with short sleeve and vneck;;10.00;14.00;2;black;organic_cotton;vneck,short_sleeve;1;;;;;;;;;;;;;;;;;;;;;;;;;;;;;;;;;;;;;;;;;;;;;;;;;;;;;;;;;;;;;;;;;
AKNTS_PBXXL_VSO;tshirts;akeneo_vneck_tshirt;tshirts,goodies;;;xxl;Akeneo T-Shirt;Akeneo T-Shirt with short sleeve and vneck;T-Shirt Akeneo;T-Shirt Akeneo manches courtes et col en V;purple;Akeneo T-Shirt purple and white with short sleeve and vneck;Akeneo T-Shirt purple and white with short sleeve and vneck;;10.00;14.00;2;black;organic_cotton;vneck,short_sleeve;1;;;;;;;;;;;;;;;;;;;;;;;;;;;;;;;;;;;;;;;;;;;;;;;;;;;;;;;;;;;;;;;;;
AKNTS_PWXS_VSO;tshirts;akeneo_vneck_tshirt;tshirts,goodies;;;xs;Akeneo T-Shirt;Akeneo T-Shirt with short sleeve and vneck;T-Shirt Akeneo;T-Shirt Akeneo manches courtes et col en V;purple;Akeneo T-Shirt white and purple with short sleeve and vneck;Akeneo T-Shirt white and purple with short sleeve and vneck;;10.00;14.00;2;white;organic_cotton;vneck,short_sleeve;1;;;;;;;;;;;;;;;;;;;;;;;;;;;;;;;;;;;;;;;;;;;;;;;;;;;;;;;;;;;;;;;;;
AKNTS_PWS_VSO;tshirts;akeneo_vneck_tshirt;tshirts,goodies;;;s;Akeneo T-Shirt;Akeneo T-Shirt with short sleeve and vneck;T-Shirt Akeneo;T-Shirt Akeneo manches courtes et col en V;purple;Akeneo T-Shirt white and purple with short sleeve and vneck;Akeneo T-Shirt white and purple with short sleeve and vneck;;10.00;14.00;2;white;organic_cotton;vneck,short_sleeve;1;;;;;;;;;;;;;;;;;;;;;;;;;;;;;;;;;;;;;;;;;;;;;;;;;;;;;;;;;;;;;;;;;
AKNTS_PWM_VSO;tshirts;akeneo_vneck_tshirt;tshirts,goodies;;;m;Akeneo T-Shirt;Akeneo T-Shirt with short sleeve and vneck;T-Shirt Akeneo;T-Shirt Akeneo manches courtes et col en V;purple;Akeneo T-Shirt white and purple with short sleeve and vneck;Akeneo T-Shirt white and purple with short sleeve and vneck;;10.00;14.00;2;white;organic_cotton;vneck,short_sleeve;1;;;;;;;;;;;;;;;;;;;;;;;;;;;;;;;;;;;;;;;;;;;;;;;;;;;;;;;;;;;;;;;;;
AKNTS_PWL_VSO;tshirts;akeneo_vneck_tshirt;tshirts,goodies;;;l;Akeneo T-Shirt;Akeneo T-Shirt with short sleeve and vneck;T-Shirt Akeneo;T-Shirt Akeneo manches courtes et col en V;purple;Akeneo T-Shirt white and purple with short sleeve and vneck;Akeneo T-Shirt white and purple with short sleeve and vneck;;10.00;14.00;2;white;organic_cotton;vneck,short_sleeve;1;;;;;;;;;;;;;;;;;;;;;;;;;;;;;;;;;;;;;;;;;;;;;;;;;;;;;;;;;;;;;;;;;
AKNTS_PWXL_VSO;tshirts;akeneo_vneck_tshirt;tshirts,goodies;;;xl;Akeneo T-Shirt;Akeneo T-Shirt with short sleeve and vneck;T-Shirt Akeneo;T-Shirt Akeneo manches courtes et col en V;purple;Akeneo T-Shirt white and purple with short sleeve and vneck;Akeneo T-Shirt white and purple with short sleeve and vneck;;10.00;14.00;2;white;organic_cotton;vneck,short_sleeve;1;;;;;;;;;;;;;;;;;;;;;;;;;;;;;;;;;;;;;;;;;;;;;;;;;;;;;;;;;;;;;;;;;
AKNTS_PWXXL_VSO;tshirts;akeneo_vneck_tshirt;tshirts,goodies;;;xxl;Akeneo T-Shirt;Akeneo T-Shirt with short sleeve and vneck;T-Shirt Akeneo;T-Shirt Akeneo manches courtes et col en V;purple;Akeneo T-Shirt white and purple with short sleeve and vneck;Akeneo T-Shirt white and purple with short sleeve and vneck;;10.00;14.00;2;white;organic_cotton;vneck,short_sleeve;1;;;;;;;;;;;;;;;;;;;;;;;;;;;;;;;;;;;;;;;;;;;;;;;;;;;;;;;;;;;;;;;;;
OROTS_BOXS;tshirts;oro_tshirt;tshirts,goodies;;;xs;Oro T-Shirt;Oro T-Shirt;T-Shirt Oro;T-Shirt Oro;black;;;;10.00;14.00;2;orange;;;1;;;;;;;;;;;;;;;;;;;;;;;;;;;;;;;;;;;;;;;;;;;;;;;;;;;;;;;;;;;;;;;;;
OROTS_BOS;tshirts;oro_tshirt;tshirts,goodies;;;s;Oro T-Shirt;Oro T-Shirt;T-Shirt Oro;T-Shirt Oro;black;;;;10.00;14.00;2;orange;;;1;;;;;;;;;;;;;;;;;;;;;;;;;;;;;;;;;;;;;;;;;;;;;;;;;;;;;;;;;;;;;;;;;
OROTS_BOM;tshirts;oro_tshirt;tshirts,goodies;;;m;Oro T-Shirt;Oro T-Shirt;T-Shirt Oro;T-Shirt Oro;black;;;;10.00;14.00;2;orange;;;1;;;;;;;;;;;;;;;;;;;;;;;;;;;;;;;;;;;;;;;;;;;;;;;;;;;;;;;;;;;;;;;;;
OROTS_BOL;tshirts;oro_tshirt;tshirts,goodies;;;l;Oro T-Shirt;Oro T-Shirt;T-Shirt Oro;T-Shirt Oro;black;;;;10.00;14.00;2;orange;;;1;;;;;;;;;;;;;;;;;;;;;;;;;;;;;;;;;;;;;;;;;;;;;;;;;;;;;;;;;;;;;;;;;
OROTS_BOXL;tshirts;oro_tshirt;tshirts,goodies;;;xl;Oro T-Shirt;Oro T-Shirt;T-Shirt Oro;T-Shirt Oro;black;;;;10.00;14.00;2;orange;;;1;;;;;;;;;;;;;;;;;;;;;;;;;;;;;;;;;;;;;;;;;;;;;;;;;;;;;;;;;;;;;;;;;
OROTS_BOXXL;tshirts;oro_tshirt;tshirts,goodies;;;xxl;Oro T-Shirt;Oro T-Shirt;T-Shirt Oro;T-Shirt Oro;black;;;;10.00;14.00;2;orange;;;1;;;;;;;;;;;;;;;;;;;;;;;;;;;;;;;;;;;;;;;;;;;;;;;;;;;;;;;;;;;;;;;;;
OROTS_DBOXS;tshirts;oro_tshirt;tshirts,goodies;;;xs;Oro T-Shirt;Oro T-Shirt;T-Shirt Oro;T-Shirt Oro;blue;;;;10.00;14.00;2;orange;;;1;;;;;;;;;;;;;;;;;;;;;;;;;;;;;;;;;;;;;;;;;;;;;;;;;;;;;;;;;;;;;;;;;
OROTS_DBOS;tshirts;oro_tshirt;tshirts,goodies;;;s;Oro T-Shirt;Oro T-Shirt;T-Shirt Oro;T-Shirt Oro;blue;;;;10.00;14.00;2;orange;;;1;;;;;;;;;;;;;;;;;;;;;;;;;;;;;;;;;;;;;;;;;;;;;;;;;;;;;;;;;;;;;;;;;
OROTS_DBOM;tshirts;oro_tshirt;tshirts,goodies;;;m;Oro T-Shirt;Oro T-Shirt;T-Shirt Oro;T-Shirt Oro;blue;;;;10.00;14.00;2;orange;;;1;;;;;;;;;;;;;;;;;;;;;;;;;;;;;;;;;;;;;;;;;;;;;;;;;;;;;;;;;;;;;;;;;
OROTS_DBOL;tshirts;oro_tshirt;tshirts,goodies;;;l;Oro T-Shirt;Oro T-Shirt;T-Shirt Oro;T-Shirt Oro;blue;;;;10.00;14.00;2;orange;;;1;;;;;;;;;;;;;;;;;;;;;;;;;;;;;;;;;;;;;;;;;;;;;;;;;;;;;;;;;;;;;;;;;
OROTS_DBOXL;tshirts;oro_tshirt;tshirts,goodies;;;xl;Oro T-Shirt;Oro T-Shirt;T-Shirt Oro;T-Shirt Oro;blue;;;;10.00;14.00;2;orange;;;1;;;;;;;;;;;;;;;;;;;;;;;;;;;;;;;;;;;;;;;;;;;;;;;;;;;;;;;;;;;;;;;;;
OROTS_DBOXXL;tshirts;oro_tshirt;tshirts,goodies;;;xxl;Oro T-Shirt;Oro T-Shirt;T-Shirt Oro;T-Shirt Oro;blue;;;;10.00;14.00;2;orange;;;1;;;;;;;;;;;;;;;;;;;;;;;;;;;;;;;;;;;;;;;;;;;;;;;;;;;;;;;;;;;;;;;;;
OROMUG_BO;mugs;oro_mug;goodies;;;;Oro Mug;Oro Mug;Mug Oro;Mug Oro;black;Oro Mug;Oro Mug;;5.00;5.00;2;orange;;;1;;;ceramic;;;;;;;;;;;;;;;;;;;;;;;;;;;;;;;;;;;;;;;;;;;;;;;;;;;;;;;;;;;;;;
OROMUG_WO;mugs;oro_mug;goodies;;;;Oro Mug;Oro Mug;Mug Oro;Mug Oro;white;Oro Mug;Oro Mug;;5.00;5.00;2;orange;;;1;;;ceramic;;;;;;;;;;;;;;;;;;;;;;;;;;;;;;;;;;;;;;;;;;;;;;;;;;;;;;;;;;;;;;
OROMUG_DBO;mugs;oro_mug;goodies;;OROMUG_BO,OROMUG_WO,OROMUG_OW,OROMUG_OB,OROMUG_ODB;;Oro Mug;Oro Mug;Mug Oro;Mug Oro;blue;Oro Mug;Oro Mug;;5.00;5.00;2;orange;;;1;;;ceramic;;;;;;;;;;;;;;;;;;;;;;;;;;;;;;;;;;;;;;;;;;;;;;;;;;;;;;;;;;;;;;
OROMUG_OW;mugs;oro_mug;goodies;;;;Oro Mug;Oro Mug;Mug Oro;Mug Oro;orange;Oro Mug;Oro Mug;;5.00;5.00;2;white;;;1;;;ceramic;;;;;;;;;;;;;;;;;;;;;;;;;;;;;;;;;;;;;;;;;;;;;;;;;;;;;;;;;;;;;;
OROMUG_OB;mugs;oro_mug;goodies;;;;Oro Mug;Oro Mug;Mug Oro;Mug Oro;orange;Oro Mug;Oro Mug;;5.00;5.00;2;black;;;1;;;ceramic;;;;;;;;;;;;;;;;;;;;;;;;;;;;;;;;;;;;;;;;;;;;;;;;;;;;;;;;;;;;;;
OROMUG_ODB;mugs;oro_mug;goodies;;;;Oro Mug;Oro Mug;Mug Oro;Mug Oro;orange;Oro Mug;Oro Mug;;5.00;5.00;2;blue;;;1;;;ceramic;;;;;;;;;;;;;;;;;;;;;;;;;;;;;;;;;;;;;;;;;;;;;;;;;;;;;;;;;;;;;;
OROMUG_BO_P;mugs;oro_mug;goodies;;;;Oro Mug;Oro Mug;Mug Oro;Mug Oro;black;Oro Mug;Oro Mug;;5.00;5.00;2;orange;;;1;;;porcelain;;;;;;;;;;;;;;;;;;;;;;;;;;;;;;;;;;;;;;;;;;;;;;;;;;;;;;;;;;;;;;
OROMUG_WO_P;mugs;oro_mug;goodies;;;;Oro Mug;Oro Mug;Mug Oro;Mug Oro;white;Oro Mug;Oro Mug;;5.00;5.00;2;orange;;;1;;;porcelain;;;;;;;;;;;;;;;;;;;;;;;;;;;;;;;;;;;;;;;;;;;;;;;;;;;;;;;;;;;;;;
OROMUG_DBO_P;mugs;oro_mug;goodies;;;;Oro Mug;Oro Mug;Mug Oro;Mug Oro;blue;Oro Mug;Oro Mug;;5.00;5.00;2;orange;;;1;;;porcelain;;;;;;;;;;;;;;;;;;;;;;;;;;;;;;;;;;;;;;;;;;;;;;;;;;;;;;;;;;;;;;
OROMUG_OW_P;mugs;oro_mug;goodies;;;;Oro Mug;Oro Mug;Mug Oro;Mug Oro;orange;Oro Mug;Oro Mug;;5.00;5.00;2;white;;;1;;;porcelain;;;;;;;;;;;;;;;;;;;;;;;;;;;;;;;;;;;;;;;;;;;;;;;;;;;;;;;;;;;;;;
OROMUG_OB_P;mugs;oro_mug;goodies;;;;Oro Mug;Oro Mug;Mug Oro;Mug Oro;orange;Oro Mug;Oro Mug;;5.00;5.00;2;black;;;1;;;porcelain;;;;;;;;;;;;;;;;;;;;;;;;;;;;;;;;;;;;;;;;;;;;;;;;;;;;;;;;;;;;;;
OROMUG_ODB_P;mugs;oro_mug;goodies;;;;Oro Mug;Oro Mug;Mug Oro;Mug Oro;orange;Oro Mug;Oro Mug;;5.00;5.00;2;blue;;;1;;;porcelain;;;;;;;;;;;;;;;;;;;;;;;;;;;;;;;;;;;;;;;;;;;;;;;;;;;;;;;;;;;;;;
AKNMUG_BP;mugs;akeneo_mug;goodies;;AKNMUG_WP,AKNMUG_PB,AKNMUG_PW;;Akeneo Mug;Akeneo Mug;Mug Akeneo;Mug Akeneo;black;Akeneo Mug;Akeneo Mug;;5.00;5.00;2;purple;;;1;;;;;;;;;;;;;;;;;;;;;;;;;;;;;;;;;;;;;;;;;;;;;;;;;;;;;;;;;;;;;;;;;
AKNMUG_WP;mugs;akeneo_mug;goodies;;;;Akeneo Mug;Akeneo Mug;Mug Akeneo;Mug Akeneo;white;Akeneo Mug;Akeneo Mug;;5.00;5.00;2;purple;;;1;akeneo_tshirt;;;;;;;;;;;;;;;;;;;;;;;;;;;;;;;;;;;;;;;;;;;;;;;;;;;;;;;;;;;;;;;;
AKNMUG_PB;mugs;akeneo_mug;goodies;;;;Akeneo Mug;Akeneo Mug;Mug Akeneo;Mug Akeneo;purple;Akeneo Mug;Akeneo Mug;;5.00;5.00;2;black;;;1;;;;;;;;;;;;;;;;;;;;;;;;;;;;;;;;;;;;;;;;;;;;;;;;;;;;;;;;;;;;;;;;;
AKNMUG_PW;mugs;akeneo_mug;goodies;;;;Akeneo Mug;Akeneo Mug;Mug Akeneo;Mug Akeneo;purple;Akeneo Mug;Akeneo Mug;;5.00;5.00;2;white;;;1;akeneo_vneck_tshirt;AKNSTK;;;;;;;;;;;;;;;;;;;;;;;;;;;;;;;;;;;;;;;;;;;;;;;;;;;;;;;;;;;;;;;
AKNSTK;akeneo_stickers;;goodies,stickers;;;;Akeneo Sticker;Akeneo Sticker;Sticker Akeneo;Sticker Akeneo;purple;Akeneo Sticker;Akeneo Sticker;;2.00;3.00;2;;;;1;;;;;;;;;;;;;;;;;;;;;;;;;;;;;;;;;;;;;;;;;;;;;;;;;;;;;;;;;;;;;;;;;
